,courseCode,instructor,totalResponses,responseRate,Overall evaluation of the course.,The course objectives were clearly stated.,The course was well organized.,The course was intellectually stimulating.,Overall evaluation of the instructor.,The instructor provided an environment that was conducive to learning.,"The instructor provided helpful feedback on assessed class components (e.g., exams, papers)."
0,ACCT-UB 1 001  (3103) - Prin of Financial Acctg  (Lecture),"Yiwei Dou, Xiaojing Meng",34.4%,11,4.3,4.5,4.6,4.4,4.6,4.5,4.5
1,FINC-UB 86 040  (1222) - Chinese Financial Markets  (Lecture),Matthew Richardson,39.0%,16,4.8,4.8,4.4,4.8,4.7,4.7,4.5
2,MGMT-UB 1 040  (1221) - Management and Organizations  (Lecture),Elinor Flynn,33.3%,9,4.8,4.8,4.9,4.8,4.8,4.9,4.6
3,MGMT-UB 1 041  (1224) - Management and Organizations  (Lecture),Katia Meggiorin,32.1%,9,4.3,4.4,4.6,4.4,4.7,4.8,3.9
4,FINC-UB 86 040  (1114) - Chinese Financial Markets  (Lecture),Matthew Richardson,57.7%,15,4.4,4.4,4.4,4.2,4.7,4.5,3.8
5,MGMT-UB 1 040  (1113) - Management and Organizations  (Lecture),Daniel Sands,15.6%,7,4.0,4.6,4.0,3.7,4.6,4.7,4.3
6,MKTG-UB 1 040  (1111) - Intro to Marketing  (Lecture),Eric Greenleaf,20.4%,10,4.8,4.8,4.8,4.7,4.8,4.8,4.4
7,MKTG-UB 40 040  (1112) - Entertainment & Media Industries  (Lecture),Kenneth J Krushel,52.6%,10,4.8,5.0,5.0,4.9,4.9,4.9,4.7
8,OPMG-UB 1 040  (1295) - Operations Management  (Lecture),Shixin Wang,47.6%,10,4.6,4.7,4.6,4.7,4.6,4.6,4.6
9,"SOIM-UB 6 040  (1110) - Law, Business & Society  (Lecture)","Rachel Kowal, Maria Patterson",34.4%,11,4.8,4.7,4.5,4.7,4.2,4.1,4.1
10,"SOIM-UB 6 041  (1465) - Law, Business & Society  (Lecture)","Rachel Kowal, Maria Patterson",22.2%,4,5.0,5.0,5.0,5.0,4.3,4.3,4.5
11,ACCT-UB 1 001  (10600) - Prin of Financial Acctg  (Lecture),April Klein,35.4%,23,4.3,4.5,4.5,4.4,4.3,4.3,4.0
12,ACCT-UB 1 002  (10601) - Prin of Financial Acctg  (Lecture),April Klein,20.3%,14,4.1,4.4,4.1,4.4,4.3,4.2,3.6
13,ACCT-UB 1 003  (10602) - Prin of Financial Acctg  (Lecture),Jim Resnik,37.1%,26,4.6,4.8,4.9,4.7,4.8,4.8,4.3
14,ACCT-UB 1 004  (10603) - Prin of Financial Acctg  (Lecture),Jim Resnik,47.6%,30,4.1,4.5,4.6,4.1,4.1,4.1,3.8
15,ACCT-UB 1 005  (10604) - Prin of Financial Acctg  (Lecture),Alex Dontoh,51.5%,17,4.4,4.5,4.6,4.5,4.6,4.6,4.3
16,ACCT-UB 1 006  (10605) - Prin of Financial Acctg  (Lecture),Jim Resnik,35.3%,24,4.7,4.8,4.8,4.7,4.6,4.6,4.6
17,ACCT-UB 1 007  (10606) - Prin of Financial Acctg  (Lecture),Jim Resnik,52.2%,36,4.6,4.8,4.9,4.2,4.7,4.8,4.8
18,ACCT-UB 1 008  (10833) - Prin of Financial Acctg  (Lecture),Amal Shehata,53.6%,37,4.9,4.8,4.8,4.7,4.9,4.9,4.7
19,ACCT-UB 3 001  (10607) - Fin Statement Analysis  (Lecture),Julian Yeo,44.2%,19,4.6,4.7,4.6,4.8,4.6,4.5,4.4
20,ACCT-UB 3 002  (10608) - Fin Statement Analysis  (Lecture),Jim Resnik,38.5%,20,4.0,4.4,4.6,3.9,4.1,4.0,4.0
21,ACCT-UB 3 003  (10960) - Fin Statement Analysis  (Lecture),Julian Yeo,20.5%,9,4.9,4.8,4.8,5.0,4.8,4.9,4.8
22,ACCT-UB 3 004  (11047) - Fin Statement Analysis  (Lecture),Julian Yeo,37.7%,20,4.5,4.5,4.4,4.6,4.4,4.4,4.1
23,ACCT-UB 4 001  (10849) - Managerial Accounting  (Lecture),Julian Yeo,40.8%,20,4.7,4.9,5.0,4.8,4.8,4.8,4.6
24,ACCT-UB 4 002  (10850) - Managerial Accounting  (Lecture),Julian Yeo,49.1%,26,4.2,4.5,4.4,4.4,4.4,4.3,4.1
25,ACCT-UB 4 003  (10906) - Managerial Accounting  (Lecture),Ajay Maindiratta,45.2%,14,4.5,4.6,4.5,4.0,4.5,4.2,4.4
26,ACCT-UB 21 001  (11048) - Financial Reporting & Disclosure  (Lecture),Paul Zarowin,43.3%,13,3.8,4.2,3.8,3.7,4.0,3.9,3.6
27,ACCT-UB 23 001  (10820) - Financial Modeling and Analysis  (Lecture),David Perkal,51.5%,17,4.8,4.9,4.9,4.7,4.8,4.8,4.6
28,ACCT-UB 23 002  (10853) - Financial Modeling and Analysis  (Lecture),David Perkal,44.1%,15,4.6,4.5,4.7,4.3,4.7,4.5,4.6
29,ACCT-UB 9001 F01  (10828) - Principles of Financial Accounting  (Lecture),Giovanni Liberatore,90.0%,9,4.2,4.1,4.7,4.7,4.6,4.7,4.2
30,ACCT-UB 9003 DC1  (21267) - Financial Statement Analysis  (Lecture),Irene Kim,60.0%,3,5.0,5.0,5.0,5.0,5.0,5.0,5.0
31,BPEP-UB 1 001  (10711) - Intro to Econ & Pol Thgt  (Lecture),Joseph Foudy,64.0%,32,4.6,4.3,4.6,4.8,4.8,4.4,3.8
32,BPEP-UB 1 002  (11041) - Intro to Econ & Pol Thgt  (Recitation),Robert Diyanni,64.7%,11,4.6,4.5,4.5,4.5,4.7,4.5,4.5
33,BPEP-UB 1 003  (11042) - Intro to Econ & Pol Thgt  (Recitation),Paul Barrett,81.3%,13,4.6,4.5,4.1,4.5,4.7,4.7,4.5
34,BPEP-UB 1 004  (11043) - Intro to Econ & Pol Thgt  (Recitation),Bruce Meyerson,58.8%,10,4.6,4.6,4.5,4.6,4.6,4.3,5.0
35,BPEP-UB 5 001  (21102) - Business and Government  (Lecture),Gian Clementi,70.6%,24,4.4,4.2,4.4,4.8,4.6,4.6,3.9
36,BPEP-UB 8 001  (10959) - BPE Senior Seminar  (Lecture),Paul Wachtel,40.0%,6,3.8,4.5,4.0,4.0,4.3,4.0,4.0
37,BPEP-UB 8 002  (21662) - BPE Senior Seminar  (Lecture),Michael H Posner,54.5%,12,4.3,4.4,4.0,4.6,4.8,4.8,4.5
38,BPEP-UB 9002 L01  (10990) - Introduction to Macroeconomics  (Lecture),Corrado Macchiarelli,21.4%,3,4.0,4.3,4.3,4.3,4.3,4.0,4.0
39,BPEP-UB 9010 L01  (19028) - World Politics  (Lecture),Jennifer Jackson-Preece,25.0%,7,2.4,2.6,2.9,3.0,2.6,2.4,2.9
40,BPEP-UB 9010 L02  (21174) - World Politics  (Lecture),Jennifer Jackson-Preece,30.4%,7,2.9,3.3,3.1,3.1,3.3,2.1,3.3
41,BSPA-UB 41 001  (21497) - Social Entrepreneurship  (Lecture),Michael Pollack,44.1%,15,3.9,4.1,3.7,4.1,3.9,4.0,3.7
42,BSPA-UB 45 001  (21798) - Sustainability Impact Consulting in Costa Rica  (Lecture),"Rachel Kowal, Tensie H Whelan",54.2%,13,3.5,3.8,3.2,3.9,3.9,4.1,3.7
43,BSPA-UB 51 001  (21479) - Marketing for Impact: Strategies for Sustainable Business  (Lecture),"Raphael Bemporad, Hans Taparia",40.0%,12,4.1,4.1,3.6,4.5,4.5,4.6,4.1
44,BSPA-UB 68 001  (11107) - Sustainability for Competitive Advantage  (Lecture),Tensie H Whelan,47.1%,16,4.4,4.3,4.3,4.3,4.5,4.4,3.6
45,BSPA-UB 70 001  (11118) - Social Innovation Practicum  (Lecture),Michael Pollack,50.0%,9,4.6,4.6,4.7,4.7,4.7,4.7,4.0
46,BSPA-UB 103 001  (11108) - Experiential Learning Seminar:  Social Impact Consulting  (Seminar),Matthew Statler,37.5%,9,4.6,4.6,4.1,4.6,4.7,4.8,4.3
47,INFO-UB 1 001  (10627) - Info Tech in Bus & Society  (Lecture),Manuel Arriaga,45.3%,24,4.7,4.7,4.6,4.6,4.9,4.9,4.5
48,INFO-UB 1 002  (10628) - Info Tech in Bus & Society  (Lecture),Ning Su,79.6%,43,5.0,5.0,5.0,4.8,5.0,5.0,4.8
49,INFO-UB 1 003  (10629) - Info Tech in Bus & Society  (Lecture),Ning Su,84.9%,45,4.9,4.8,4.9,4.8,5.0,5.0,4.7
50,INFO-UB 1 004  (10630) - Info Tech in Bus & Society  (Lecture),Manuel Arriaga,52.9%,27,4.4,4.5,4.4,4.1,4.8,4.7,4.3
51,INFO-UB 1 005  (11037) - Info Tech in Bus & Society  (Lecture),Navin Manglani,44.2%,23,4.1,4.5,4.8,4.0,4.4,4.4,4.2
52,INFO-UB 1 006  (21170) - Info Tech in Bus & Society  (Lecture),Navin Manglani,43.8%,21,4.1,4.7,4.6,3.8,4.3,4.2,4.2
53,INFO-UB 23 001  (10951) - Introduction to Programming and Data Science  (Lecture),John Horton,31.3%,15,3.5,3.6,3.6,3.8,3.4,3.6,3.2
54,INFO-UB 23 002  (10993) - Introduction to Programming and Data Science  (Lecture),John Horton,56.0%,28,3.8,4.1,3.7,4.0,4.0,4.1,3.8
55,INFO-UB 23 003  (21171) - Introduction to Programming and Data Science  (Lecture),John Horton,42.9%,21,3.4,3.5,3.3,3.9,3.6,3.3,3.1
56,INFO-UB 24 001  (11040) - Projects in Programming and Data Sciences  (Lecture),Panos Ipeirotis,30.8%,12,4.5,4.6,4.3,4.8,4.3,4.4,4.2
57,INFO-UB 24 002  (21172) - Projects in Programming and Data Sciences  (Lecture),Panos Ipeirotis,27.0%,10,4.5,4.7,4.6,4.6,4.7,4.6,4.4
58,INFO-UB 38 001  (11115) - Social Media & Digital Marketing  (Lecture),Anika Sharma,40.7%,22,2.5,2.5,1.7,2.9,2.6,3.0,2.2
59,INFO-UB 50 001  (21507) - Financial Information Systems  (Lecture),Bernard Donefer,39.6%,19,4.3,4.3,4.2,4.5,4.3,4.3,4.3
60,INFO-UB 51 001  (21508) - Risk Management in IT  (Lecture),Bernard Donefer,42.9%,15,3.7,3.7,4.1,3.8,3.8,3.7,3.9
61,INFO-UB 9001 DC1  (11002) - Info Technology in Business & Society  (Lecture),Nina McGarry,33.3%,2,5.0,4.0,5.0,5.0,5.0,4.5,5.0
62,INFO-UB 9001 M01  (19721) - Info Technology in Business & Society  (Lecture),Asier Sarasua,100.0%,15,3.8,4.1,3.3,3.3,3.8,3.3,4.1
63,ECON-UB 1 001  (10642) - Microeconomics  (Lecture),Luis Cabral,59.4%,161,3.6,4.1,4.0,3.8,3.7,3.7,3.5
64,ECON-UB 9 001  (22057) - Intermediate Microeconomics  (Lecture),Nicolas de Roos,35.7%,5,3.6,4.2,4.2,4.0,3.8,4.0,4.2
65,ECON-UB 10 001  (19861) - Quantitative Microeconomics  (Lecture),Laetitia Francine Rita Placido,38.5%,5,3.6,4.6,3.6,4.6,3.8,4.2,4.4
66,ECON-UB 11 001  (10643) - Economics of Global Business  (Lecture),Joseph Foudy,38.7%,106,3.9,4.3,4.2,4.3,4.1,3.9,3.6
67,ECON-UB 11 002  (10644) - Economics of Global Business  (Lecture),Pricila Maziero,54.7%,29,4.1,4.4,4.4,4.4,4.2,4.2,4.0
68,ECON-UB 11 003  (10645) - Economics of Global Business  (Lecture),Pricila Maziero,46.3%,25,4.2,4.4,4.5,4.4,4.3,4.2,4.1
69,ECON-UB 11 004  (10646) - Economics of Global Business  (Lecture),Pricila Maziero,58.5%,31,3.9,4.2,4.3,4.1,4.2,4.0,4.1
70,ECON-UB 15 001  (21097) - Competitive Analysis  (Lecture),Yossi Spiegel,45.9%,17,3.5,3.3,3.2,3.9,3.7,3.7,3.4
71,ECON-UB 119 001  (21098) - Economics of Innovation  (Lecture),Petra Moser,81.8%,9,4.3,4.4,4.4,4.4,4.8,4.6,4.8
72,ECON-UB 224 001  (21099) - Business of Platforms and Networks  (Lecture),Nicholas Economides,30.6%,11,3.6,3.4,3.1,4.1,4.0,3.9,2.7
73,ECON-UB 230 001  (10992) - Global Macroeconomics  (Lecture),Stanley Zin,36.1%,13,3.8,3.9,4.1,3.8,3.7,4.0,3.5
74,ECON-UB 232 001  (10997) - Data Bootcamp  (Lecture),Benjamin Zweig,40.8%,20,3.4,3.8,3.3,3.9,3.5,3.4,3.6
75,ECON-UB 232 002  (25108) - Data Bootcamp  (Lecture),Benjamin Zweig,27.3%,12,3.9,3.8,4.0,4.1,4.0,4.0,3.8
76,ECON-UB 233 001  (10907) - Macroeconomic Foundations for Asset Prices  (Lecture),Stanley Zin,40.9%,9,4.4,4.4,4.6,4.7,4.7,4.7,4.6
77,ECON-UB 240 001  (11039) - Global Economic Trends  (Lecture),Gian Clementi,76.5%,13,4.5,4.5,4.3,4.4,4.5,4.4,4.0
78,ECON-UB 251 001  (21782) - Econometrics I  (Lecture),Paul T Scott,66.7%,12,3.8,4.1,4.1,4.2,3.8,3.9,3.3
79,FINC-UB 2 002  (10612) - Foundations of Finance  (Lecture),Sinan Cebenoyan,47.0%,31,3.6,4.0,3.6,4.0,3.5,3.5,3.2
80,FINC-UB 2 003  (10613) - Foundations of Finance  (Lecture),Sinan Cebenoyan,51.7%,31,3.0,3.4,2.9,3.5,3.1,3.4,3.0
81,FINC-UB 2 004  (10614) - Foundations of Finance  (Lecture),"Anna Kuchler, Marcello Miccoli",18.6%,11,4.3,4.3,4.2,4.3,4.2,4.3,3.7
82,FINC-UB 2 005  (10615) - Foundations of Finance  (Lecture),"Anna Kuchler, Marcello Miccoli",44.9%,31,3.9,4.3,4.3,4.1,4.3,4.3,4.1
83,FINC-UB 2 006  (10861) - Foundations of Finance  (Lecture),"Anna Kuchler, Marcello Miccoli",39.1%,27,4.0,4.4,4.2,4.6,4.4,4.3,4.0
84,FINC-UB 7 001  (10616) - Corporate Finance  (Lecture),Cecilia Parlatore Siritto,68.0%,17,4.1,4.5,4.5,4.1,4.2,4.1,4.0
85,FINC-UB 7 002  (10617) - Corporate Finance  (Lecture),Cecilia Parlatore Siritto,63.2%,43,4.3,4.7,4.7,4.6,4.5,4.3,3.9
86,FINC-UB 7 003  (10618) - Corporate Finance  (Lecture),Cecilia Parlatore Siritto,86.1%,31,4.4,4.6,4.6,4.3,4.5,4.4,4.1
87,FINC-UB 7 004  (10619) - Corporate Finance  (Lecture),Jeffrey Wurgler,41.4%,29,4.7,4.9,4.9,4.7,4.9,4.8,4.5
88,FINC-UB 7 005  (11003) - Corporate Finance  (Lecture),Jeffrey Wurgler,32.3%,21,4.6,4.9,4.9,4.7,4.8,4.8,4.2
89,FINC-UB 8 001  (10620) - Advanced Corp Finance  (Lecture),Anthony Marciano,47.5%,29,4.4,4.4,4.0,4.8,4.5,4.3,3.6
90,FINC-UB 15 001  (10991) - Alternative Investments I: Principles & Strategies  (Lecture),"Gygmy Gonnot, Mazen Jabban, Matthew Richardson",55.2%,16,4.3,4.4,4.3,4.5,4.0,4.0,3.3
91,FINC-UB 22 001  (10621) - Risk Management in Financial Institutions  (Lecture),Sinan Cebenoyan,40.5%,17,3.9,4.1,4.2,4.1,3.9,3.9,3.9
92,FINC-UB 23 001  (10623) - Emerging Markets Finance  (Lecture),Francisco Drohojowski,48.8%,20,4.4,4.3,4.3,4.5,4.3,4.3,4.3
93,FINC-UB 26 001  (10624) - Debt Instruments and Markets  (Lecture),"Jennifer Carpenter, Matthew Richardson",43.1%,25,4.2,4.4,4.4,4.6,4.4,4.2,4.0
94,FINC-UB 30 001  (10957) - Int'L Financial Mgmt  (Lecture),Richard Levich,40.0%,8,4.4,4.6,4.6,4.9,4.6,4.6,4.3
95,FINC-UB 38 001  (10999) - Real Estate Capital Mkts  (Lecture),"Arpit Gupta, Christopher S Hundtofte",37.5%,12,4.0,4.8,4.5,4.5,4.1,4.5,4.2
96,FINC-UB 41 001  (11045) - Equity Valuation  (Lecture),Haran Segram,49.2%,31,4.6,4.6,4.6,4.7,4.8,4.6,4.4
97,FINC-UB 41 002  (11046) - Equity Valuation  (Lecture),Haran Segram,54.0%,34,4.7,4.8,4.6,4.7,4.8,4.8,4.4
98,FINC-UB 43 001  (10625) - Futures & Options  (Lecture),"Menachem Brenner, Marti Subrahmanyam",56.7%,17,4.5,4.4,4.2,4.5,4.4,4.4,3.8
99,FINC-UB 44 001  (10955) - Portfolio Management  (Lecture),Robert Whitelaw,59.1%,39,4.6,4.7,4.6,4.8,4.8,4.7,4.5
100,FINC-UB 45 001  (10818) - The Financial Service Industry  (Lecture),James S Finch,81.4%,48,4.2,4.5,4.3,4.4,4.4,4.4,3.7
101,FINC-UB 45 002  (20756) - The Financial Service Industry  (Lecture),James S Finch,87.5%,56,4.4,4.4,4.3,4.5,4.4,4.3,3.5
102,FINC-UB 49 001  (10933) - Principles of Securities Trading  (Lecture),Joel Hasbrouck,43.6%,17,4.5,4.7,4.6,4.5,4.6,4.6,4.4
103,FINC-UB 49 002  (10958) - Principles of Securities Trading  (Lecture),Joel Hasbrouck,31.7%,13,4.8,4.8,4.8,4.8,4.8,4.8,4.8
104,"FINC-UB 50 001  (10832) - Mergers, Acquisitions, & Restructuring  (Lecture)",Yakov Amihud,12.0%,3,4.7,4.3,4.7,4.3,4.3,4.7,4.0
105,FINC-UB 61 001  (11110) - Entrepreneurial Finance  (Lecture),Kathleen Derose,50.0%,21,4.4,4.4,4.3,4.5,4.6,4.5,4.3
106,FINC-UB 62 001  (20757) - Applications in Entrepreneurial Finance: Fintech  (Lecture),Sabrina T Howell,33.3%,13,4.5,4.5,4.1,4.5,4.5,4.7,4.6
107,FINC-UB 62 002  (20758) - Applications in Entrepreneurial Finance: Fintech  (Lecture),Sabrina T Howell,43.2%,16,4.5,4.5,4.1,4.4,4.4,4.4,4.2
108,FINC-UB 68 001  (10956) - Financial Analysis in Emt  (Lecture),Thomas Cha,31.6%,12,4.3,4.8,4.6,4.4,4.8,4.8,4.5
109,FINC-UB 9002 L01  (10821) - Foundations of Finance  (Lecture),Dirk Nitzsche,29.0%,9,4.0,4.3,4.2,4.3,4.3,4.1,3.9
110,FINC-UB 9002 L02  (10962) - Foundations of Finance  (Lecture),Dirk Nitzsche,31.3%,5,4.6,4.8,4.4,4.8,4.8,4.2,4.4
111,FINC-UB 9002 M01  (10915) - Foundations of Finance  (Lecture),Luis Garvia,84.6%,22,4.2,4.6,3.7,4.3,4.4,3.9,4.5
112,FINC-UB 9002 SY1  (10989) - Foundations of Finance  (Lecture),Joanna Nash,20.0%,1,3.0,5.0,4.0,5.0,4.0,5.0,4.0
113,MGMT-UB 1 001  (10668) - Management and Organizations  (Lecture),Elizabeth Howard,45.3%,24,4.5,4.8,4.7,4.4,4.6,4.6,4.3
114,MGMT-UB 1 002  (10669) - Management and Organizations  (Lecture),Elizabeth Howard,50.9%,27,4.7,4.7,4.6,4.6,4.9,4.9,4.4
115,MGMT-UB 1 003  (10670) - Management and Organizations  (Lecture),Michael North,48.1%,25,5.0,5.0,5.0,4.9,5.0,4.9,4.6
116,MGMT-UB 1 004  (10671) - Management and Organizations  (Lecture),Michael North,50.9%,27,4.9,4.9,5.0,4.7,4.9,4.9,4.7
117,MGMT-UB 1 005  (10672) - Management and Organizations  (Lecture),Michael North,51.9%,28,4.8,4.8,4.9,4.8,4.9,4.9,4.5
118,MGMT-UB 1 006  (10673) - Management and Organizations  (Lecture),Monica Stallings,27.8%,15,4.5,4.7,4.9,4.5,4.7,4.8,4.3
119,MGMT-UB 1 007  (10837) - Management and Organizations  (Lecture),Monica Stallings,46.2%,12,4.5,4.8,4.8,4.7,4.8,4.7,4.5
120,MGMT-UB 1 008  (10954) - Management and Organizations  (Lecture),Ephrat Livne,55.8%,29,4.6,4.7,4.8,4.3,4.8,4.7,4.5
121,MGMT-UB 4 001  (10934) - Global Strategy  (Lecture),Robert Salomon,45.9%,17,4.4,4.7,4.9,4.1,4.4,4.5,4.5
122,MGMT-UB 18 001  (10928) - Strategic Analysis  (Lecture),Sonia Marciano,33.9%,20,4.5,4.5,4.1,4.4,4.6,4.5,4.1
123,MGMT-UB 18 002  (10937) - Strategic Analysis  (Lecture),Sonia Marciano,36.2%,21,4.7,4.5,4.5,4.6,4.7,4.7,4.5
124,MGMT-UB 25 001  (10911) - Managing Change  (Lecture),Anat Lechner,51.4%,19,4.3,4.3,4.4,4.3,4.5,4.4,4.8
125,MGMT-UB 30 001  (10674) - Negotiation & Consensus Building  (Lecture),Gavin J. Kilduff,50.0%,18,4.9,4.8,4.9,4.8,4.9,4.9,4.6
126,MGMT-UB 30 002  (10925) - Negotiation & Consensus Building  (Lecture),Gavin J. Kilduff,55.6%,20,4.8,4.9,4.9,4.8,4.9,4.9,4.7
127,MGMT-UB 9001 F01  (10987) - Management & Organizations  (Lecture),Sara DeMasi,61.8%,21,3.8,3.8,4.3,4.2,4.1,4.0,4.2
128,MGMT-UB 9001 L01  (10822) - Management & Organizations  (Lecture),Dorota Bourne,90.0%,18,4.7,4.6,4.7,4.8,4.8,4.6,4.7
129,MGMT-UB 9001 L02  (10966) - Management & Organizations  (Lecture),Dorota Bourne,64.7%,11,4.7,4.6,4.6,4.5,4.8,4.3,4.5
130,MGMT-UB 9001 M01  (24163) - Management & Organizations  (Lecture),Asuncion Cano,64.0%,16,3.9,3.7,4.5,4.6,4.0,3.5,4.1
131,MGMT-UB 9087 T01  (10961) - Innovation and Entrepreneurship in Israel  (Seminar),Barak Ben-Avinoam,100.0%,6,4.0,3.8,3.8,3.7,4.2,3.7,4.2
132,MKTG-UB 1 001  (10675) - Intro to Marketing  (Lecture),Minah Jung,41.5%,22,4.0,4.1,4.1,4.3,4.0,4.2,3.7
133,MKTG-UB 1 002  (10676) - Intro to Marketing  (Lecture),Minah Jung,42.6%,23,4.4,4.7,4.3,4.3,4.4,4.5,3.7
134,MKTG-UB 1 003  (10677) - Intro to Marketing  (Lecture),Minah Jung,65.4%,34,4.1,4.2,4.0,4.0,4.1,4.2,3.9
135,MKTG-UB 1 004  (10678) - Intro to Marketing  (Lecture),Eric Greenleaf,34.0%,18,4.3,4.7,4.7,4.3,4.5,4.3,4.7
136,MKTG-UB 1 005  (10679) - Intro to Marketing  (Lecture),Eric Greenleaf,33.3%,18,4.5,4.7,4.7,4.4,4.7,4.4,4.2
137,MKTG-UB 1 006  (10680) - Intro to Marketing  (Lecture),Vicki Morwitz,44.4%,24,4.8,4.9,5.0,4.8,5.0,5.0,4.8
138,MKTG-UB 1 007  (10681) - Intro to Marketing  (Lecture),Vicki Morwitz,42.5%,17,4.3,4.6,4.6,4.3,4.4,4.6,4.5
139,MKTG-UB 1 008  (10682) - Intro to Marketing  (Lecture),Alixandra Barasch,59.3%,32,4.7,4.8,4.9,4.4,4.9,4.9,4.7
140,MKTG-UB 1 009  (10683) - Intro to Marketing  (Lecture),Alixandra Barasch,35.2%,19,4.7,4.8,4.7,4.6,5.0,4.8,4.6
141,MKTG-UB 1 010  (10684) - Intro to Marketing  (Lecture),Alixandra Barasch,42.9%,21,4.7,4.8,4.9,4.5,4.9,4.9,4.8
142,MKTG-UB 2 001  (10685) - Consumer Behavior  (Lecture),Radhika Duggal,36.0%,18,4.2,4.3,3.8,3.9,4.4,4.4,3.9
143,MKTG-UB 2 002  (10686) - Consumer Behavior  (Lecture),Henry Assael,100.0%,29,4.1,4.3,4.4,3.8,4.2,4.2,3.9
144,MKTG-UB 3 001  (10687) - Advertising  (Lecture),Daniel Cohen,36.2%,17,4.6,4.6,4.5,4.5,4.8,4.8,4.4
145,MKTG-UB 4 001  (10908) - Managing Creative Content Development  (Lecture),Alvin Lieberman,48.1%,25,4.5,4.6,4.7,4.1,4.8,4.7,4.2
146,MKTG-UB 4 002  (20806) - Managing Creative Content Development  (Lecture),Alvin Lieberman,56.6%,30,4.3,4.4,4.4,4.1,4.4,4.5,4.1
147,MKTG-UB 9 001  (10932) - Research for Customer Insights  (Lecture),Carol Pluzinski,43.2%,16,3.7,4.3,3.8,3.8,4.1,4.2,4.1
148,MKTG-UB 9 002  (10953) - Research for Customer Insights  (Lecture),Carol Pluzinski,57.9%,22,4.3,4.5,4.5,4.3,4.4,4.4,4.4
149,MKTG-UB 20 001  (10688) - Business of Film  (Lecture),Christopher Dorr,75.0%,39,4.4,4.3,4.4,4.3,4.7,4.6,3.9
150,MKTG-UB 22 001  (10689) - Movie Marketing  (Lecture),Gary S. Faber,43.6%,17,4.5,4.5,4.5,4.7,4.6,4.7,4.4
151,MKTG-UB 22 002  (10857) - Movie Marketing  (Lecture),Gary S. Faber,42.5%,17,4.6,4.8,4.8,4.8,4.6,4.5,4.4
152,MKTG-UB 24 001  (11036) - Arts Marketing  (Lecture),Jed Bernstein,37.0%,20,4.4,4.4,4.2,4.3,4.3,4.3,3.9
153,MKTG-UB 40 001  (10690) - Entertainment & Media Industries  (Lecture),Robert Tuschman,46.3%,25,4.6,4.7,4.6,4.7,4.8,4.7,4.8
154,MKTG-UB 40 002  (10691) - Entertainment & Media Industries  (Lecture),Kenneth J Krushel,70.0%,35,4.7,4.7,4.7,4.8,4.8,4.7,4.8
155,MKTG-UB 40 003  (10692) - Entertainment & Media Industries  (Lecture),Paul Hardart,53.7%,29,4.6,4.6,4.5,4.5,4.7,4.8,4.1
156,MKTG-UB 40 004  (10693) - Entertainment & Media Industries  (Lecture),Alvin Lieberman,63.0%,34,3.6,4.0,3.7,3.5,4.1,4.0,3.2
157,MKTG-UB 40 005  (10856) - Entertainment & Media Industries  (Lecture),Alvin Lieberman,50.0%,27,4.2,4.4,4.1,4.1,4.4,4.2,4.1
158,MKTG-UB 40 006  (10913) - Entertainment & Media Industries  (Lecture),Sunder Narayanan,28.3%,15,4.4,4.6,4.6,4.3,4.7,4.6,3.8
159,MKTG-UB 40 007  (11004) - Entertainment & Media Industries  (Lecture),Sunder Narayanan,19.2%,10,3.4,4.0,4.2,3.2,3.6,3.8,2.9
160,MKTG-UB 43 001  (20809) - Deal Making in the Entertainment  Industry  (Lecture),Paul Hardart,47.4%,18,4.4,4.4,4.4,4.2,4.8,4.6,4.6
161,"MKTG-UB 44 001  (10952) - Television Management: Network, Cable/Satellite  (Lecture)",Evan Shapiro,36.0%,18,4.4,4.3,3.9,4.2,4.5,3.8,3.6
162,MKTG-UB 46 001  (10694) - Globalization of The Entertainment Industry  (Lecture),Colin Brown,35.8%,19,4.6,4.5,4.7,4.5,4.6,4.5,4.6
163,MKTG-UB 46 002  (10836) - Globalization of The Entertainment Industry  (Lecture),Colin Brown,31.8%,14,4.1,4.1,4.4,4.0,4.4,4.4,3.9
164,MGMT-UB 1 001  (10668) - Management and Organizations  (Lecture),Elizabeth Howard,45.3%,24,4.5,4.8,4.7,4.4,4.6,4.6,4.3
165,MGMT-UB 1 002  (10669) - Management and Organizations  (Lecture),Elizabeth Howard,50.9%,27,4.7,4.7,4.6,4.6,4.9,4.9,4.4
166,MGMT-UB 1 003  (10670) - Management and Organizations  (Lecture),Michael North,48.1%,25,5.0,5.0,5.0,4.9,5.0,4.9,4.6
167,MKTG-UB 1 001  (10675) - Intro to Marketing  (Lecture),Minah Jung,41.5%,22,4.0,4.1,4.1,4.3,4.0,4.2,3.7
168,MKTG-UB 1 002  (10676) - Intro to Marketing  (Lecture),Minah Jung,42.6%,23,4.4,4.7,4.3,4.3,4.4,4.5,3.7
169,MKTG-UB 1 003  (10677) - Intro to Marketing  (Lecture),Minah Jung,65.4%,34,4.1,4.2,4.0,4.0,4.1,4.2,3.9
170,MKTG-UB 1 004  (10678) - Intro to Marketing  (Lecture),Eric Greenleaf,34.0%,18,4.3,4.7,4.7,4.3,4.5,4.3,4.7
171,MKTG-UB 1 005  (10679) - Intro to Marketing  (Lecture),Eric Greenleaf,33.3%,18,4.5,4.7,4.7,4.4,4.7,4.4,4.2
172,MKTG-UB 1 006  (10680) - Intro to Marketing  (Lecture),Vicki Morwitz,44.4%,24,4.8,4.9,5.0,4.8,5.0,5.0,4.8
173,MKTG-UB 1 007  (10681) - Intro to Marketing  (Lecture),Vicki Morwitz,42.5%,17,4.3,4.6,4.6,4.3,4.4,4.6,4.5
174,MKTG-UB 1 008  (10682) - Intro to Marketing  (Lecture),Alixandra Barasch,59.3%,32,4.7,4.8,4.9,4.4,4.9,4.9,4.7
175,MKTG-UB 1 009  (10683) - Intro to Marketing  (Lecture),Alixandra Barasch,35.2%,19,4.7,4.8,4.7,4.6,5.0,4.8,4.6
176,MKTG-UB 1 010  (10684) - Intro to Marketing  (Lecture),Alixandra Barasch,42.9%,21,4.7,4.8,4.9,4.5,4.9,4.9,4.8
177,MKTG-UB 2 001  (10685) - Consumer Behavior  (Lecture),Radhika Duggal,36.0%,18,4.2,4.3,3.8,3.9,4.4,4.4,3.9
178,MKTG-UB 2 002  (10686) - Consumer Behavior  (Lecture),Henry Assael,100.0%,29,4.1,4.3,4.4,3.8,4.2,4.2,3.9
179,MKTG-UB 3 001  (10687) - Advertising  (Lecture),Daniel Cohen,36.2%,17,4.6,4.6,4.5,4.5,4.8,4.8,4.4
180,MKTG-UB 4 001  (10908) - Managing Creative Content Development  (Lecture),Alvin Lieberman,48.1%,25,4.5,4.6,4.7,4.1,4.8,4.7,4.2
181,MKTG-UB 4 002  (20806) - Managing Creative Content Development  (Lecture),Alvin Lieberman,56.6%,30,4.3,4.4,4.4,4.1,4.4,4.5,4.1
182,MKTG-UB 9 001  (10932) - Research for Customer Insights  (Lecture),Carol Pluzinski,43.2%,16,3.7,4.3,3.8,3.8,4.1,4.2,4.1
183,MKTG-UB 9 002  (10953) - Research for Customer Insights  (Lecture),Carol Pluzinski,57.9%,22,4.3,4.5,4.5,4.3,4.4,4.4,4.4
184,MKTG-UB 20 001  (10688) - Business of Film  (Lecture),Christopher Dorr,75.0%,39,4.4,4.3,4.4,4.3,4.7,4.6,3.9
185,MKTG-UB 22 001  (10689) - Movie Marketing  (Lecture),Gary S. Faber,43.6%,17,4.5,4.5,4.5,4.7,4.6,4.7,4.4
186,MKTG-UB 22 002  (10857) - Movie Marketing  (Lecture),Gary S. Faber,42.5%,17,4.6,4.8,4.8,4.8,4.6,4.5,4.4
187,MKTG-UB 24 001  (11036) - Arts Marketing  (Lecture),Jed Bernstein,37.0%,20,4.4,4.4,4.2,4.3,4.3,4.3,3.9
188,MKTG-UB 40 001  (10690) - Entertainment & Media Industries  (Lecture),Robert Tuschman,46.3%,25,4.6,4.7,4.6,4.7,4.8,4.7,4.8
189,MKTG-UB 40 002  (10691) - Entertainment & Media Industries  (Lecture),Kenneth J Krushel,70.0%,35,4.7,4.7,4.7,4.8,4.8,4.7,4.8
190,MKTG-UB 40 003  (10692) - Entertainment & Media Industries  (Lecture),Paul Hardart,53.7%,29,4.6,4.6,4.5,4.5,4.7,4.8,4.1
191,MKTG-UB 40 004  (10693) - Entertainment & Media Industries  (Lecture),Alvin Lieberman,63.0%,34,3.6,4.0,3.7,3.5,4.1,4.0,3.2
192,MKTG-UB 40 007  (11004) - Entertainment & Media Industries  (Lecture),Sunder Narayanan,19.2%,10,3.4,4.0,4.2,3.2,3.6,3.8,2.9
193,MKTG-UB 43 001  (20809) - Deal Making in the Entertainment  Industry  (Lecture),Paul Hardart,47.4%,18,4.4,4.4,4.4,4.2,4.8,4.6,4.6
194,"MKTG-UB 44 001  (10952) - Television Management: Network, Cable/Satellite  (Lecture)",Evan Shapiro,36.0%,18,4.4,4.3,3.9,4.2,4.5,3.8,3.6
195,MULT-UB 5 001  (10703) - Case Analysis  (Lecture),Monica Stallings,44.8%,13,4.8,4.5,4.7,4.8,4.8,4.7,4.1
196,MULT-UB 5 002  (20988) - Case Analysis  (Lecture),Monica Stallings,13.8%,4,3.5,3.8,3.0,3.5,3.8,4.0,3.5
197,MULT-UB 7 001  (10704) - Decision Models and Analytics  (Lecture),Jiawei Zhang,50.0%,26,4.6,4.7,4.6,4.6,4.6,4.5,4.3
198,MULT-UB 7 002  (20861) - Decision Models and Analytics  (Lecture),Lucius Riccio,26.4%,14,4.4,4.4,4.5,4.3,4.2,4.2,3.3
199,MULT-UB 27 001  (11109) - The Financial System  (Lecture),Kermit Schoenholtz,41.8%,23,4.6,4.6,4.8,4.5,4.7,4.6,4.1
200,MULT-UB 48 002  (10851) - Entertainment Law  (Lecture),Richard Hendler,53.1%,26,4.6,4.6,4.2,4.8,4.5,4.5,4.4
201,MULT-UB 80 001  (11113) - Foundations of FinTech  (Lecture),"Yannis Bakos, Kathleen Derose",27.3%,15,4.0,3.9,4.1,4.3,4.3,4.2,4.3
202,MULT-UB 100 001  (10706) - Commerce and Culture  (Lecture),Larry Menna,80.0%,16,4.6,4.3,4.6,4.7,4.8,4.6,4.5
203,MULT-UB 100 002  (10707) - Commerce and Culture  (Lecture),Aya Tanaka,65.0%,13,4.4,4.2,4.5,4.5,4.4,4.7,4.5
204,MULT-UB 100 003  (10708) - Commerce and Culture  (Lecture),Aya Tanaka,70.0%,14,4.1,4.4,4.5,4.5,4.6,4.5,4.2
205,MULT-UB 100 004  (10709) - Commerce and Culture  (Lecture),Larry Menna,75.0%,15,4.9,4.7,5.0,4.9,5.0,4.9,4.9
206,MULT-UB 100 005  (10710) - Commerce and Culture  (Lecture),Robert Wosnitzer,55.0%,11,4.9,4.6,4.8,5.0,4.9,4.8,4.6
207,MULT-UB 100 006  (10858) - Commerce and Culture  (Lecture),Robert Wosnitzer,80.0%,16,4.8,4.6,4.6,4.9,4.9,4.9,4.6
208,MULT-UB 100 007  (10859) - Commerce and Culture  (Lecture),Carol Newell,60.0%,12,3.6,3.7,3.7,3.9,3.5,3.8,3.1
209,MULT-UB 100 008  (10860) - Commerce and Culture  (Lecture),Carol Newell,65.0%,13,4.1,4.3,4.1,4.2,4.2,4.3,3.8
210,MULT-UB 100 009  (10921) - Commerce and Culture  (Lecture),Robert Lyon,35.0%,7,4.7,4.7,4.7,4.7,4.7,4.9,4.6
211,MULT-UB 100 010  (10922) - Commerce and Culture  (Lecture),Robert Lyon,78.9%,15,4.4,4.3,4.3,4.5,4.4,4.5,4.3
212,MULT-UB 100 011  (25539) - Commerce and Culture  (Lecture),Paul Melton,50.0%,10,4.8,4.7,4.1,4.5,5.0,4.9,5.0
213,MULT-UB 104 001  (10935) - Experiential Learning Seminar:  Fashion Industry: Creativity & Business  (Lecture),Jeffrey Carr,38.5%,20,3.6,3.7,3.3,3.7,3.9,3.9,3.6
214,MULT-UB 301 001  (11001) - Getting to Launch: The Lean Startup Lab  (Seminar),Cynthia Franklin,50.0%,14,4.3,4.1,4.2,4.3,4.1,4.3,4.1
215,MULT-UB 302 001  (11112) - Business Simulation  (Lecture),Sunder Narayanan,18.9%,10,4.5,4.7,4.4,4.3,4.5,4.4,4.2
216,MULT-UB 302 002  (21970) - Business Simulation  (Lecture),Sunder Narayanan,17.4%,8,4.0,4.8,4.5,3.8,4.5,4.3,3.6
217,MULT-UB 9080 T01  (19996) - Foundations of FinTech  (Lecture),Lyron Wahrmann,75.0%,3,4.3,4.3,4.0,4.0,4.0,4.0,4.3
218,OPMG-UB 1 001  (10700) - Operations Management  (Lecture),Wenqiang Xiao,52.2%,36,4.5,4.6,4.7,4.6,4.5,4.6,4.1
219,OPMG-UB 1 002  (10701) - Operations Management  (Lecture),Michael Pinedo,54.8%,34,3.9,4.2,4.2,4.2,3.9,3.9,3.6
220,OPMG-UB 6 001  (22115) - Supply Chain Management  (Lecture),Wenqiang Xiao,63.9%,23,4.1,4.0,4.0,3.9,4.2,4.3,3.8
221,OPMG-UB 54 001  (21509) - Decision Analytics for Sports  (Lecture),Lucius Riccio,43.8%,21,3.4,3.6,2.9,3.8,3.8,3.6,3.2
222,OPMG-UB 60 001  (10929) - Real Estate Development and Entrepreneurship  (Lecture),Benjamin Atkins,30.0%,15,4.8,4.8,4.7,4.6,5.0,4.9,4.7
223,OPMG-UB 9001 F01  (10831) - Operations Management  (Lecture),Fabio Schoen,75.0%,27,3.9,4.1,4.5,4.4,4.0,3.9,4.2
224,OPMG-UB 9001 L01  (10823) - Operations Management  (Lecture),John Beasley,23.8%,5,4.2,4.0,4.6,4.4,4.0,4.4,4.0
225,OPMG-UB 1 001  (10700) - Operations Management  (Lecture),Wenqiang Xiao,52.2%,36,4.5,4.6,4.7,4.6,4.5,4.6,4.1
226,OPMG-UB 1 002  (10701) - Operations Management  (Lecture),Michael Pinedo,54.8%,34,3.9,4.2,4.2,4.2,3.9,3.9,3.6
227,"SOIM-UB 6 001  (11049) - Law, Business & Society  (Lecture)",Jeanne Calderon,45.2%,14,4.7,4.4,4.4,4.8,4.7,4.6,4.5
228,"SOIM-UB 6 002  (11050) - Law, Business & Society  (Lecture)",Jeanne Calderon,42.9%,15,4.4,4.5,4.1,4.7,4.3,3.9,3.8
229,"SOIM-UB 6 003  (11051) - Law, Business & Society  (Lecture)",Maria Patterson,62.9%,22,4.5,4.6,4.6,4.7,4.8,4.6,4.3
230,"SOIM-UB 6 004  (11052) - Law, Business & Society  (Lecture)",Maria Patterson,38.9%,14,4.2,4.4,4.5,4.1,4.4,4.5,3.7
231,"SOIM-UB 6 005  (11053) - Law, Business & Society  (Lecture)",Rex Mixon,55.6%,20,4.5,4.6,4.8,4.5,4.8,4.7,4.1
232,"SOIM-UB 6 006  (11054) - Law, Business & Society  (Lecture)",Rachel Kowal,30.6%,11,4.4,4.7,4.5,4.0,4.3,4.5,4.1
233,"SOIM-UB 6 007  (11055) - Law, Business & Society  (Lecture)",Rachel Kowal,39.4%,13,4.4,4.6,4.7,4.5,4.3,4.5,4.0
234,"SOIM-UB 6 008  (11056) - Law, Business & Society  (Lecture)",Bruce Buchanan,34.3%,12,4.5,4.2,4.1,4.8,4.8,4.6,2.8
235,ACCT-UB 1 001  (3103) - Prin of Financial Acctg  (Lecture),"Yiwei Dou, Xiaojing Meng",34.4%,11,4.3,4.5,4.6,4.4,4.6,4.5,4.5
236,ACCT-UB 1 002  (3104) - Prin of Financial Acctg  (Lecture),Xi Wu,47.6%,10,4.9,4.9,4.9,4.8,5.0,5.0,5.0
237,ACCT-UB 1 003  (3134) - Prin of Financial Acctg  (Lecture),Kevin Hsueh,52.2%,12,4.6,4.8,4.8,4.7,4.8,4.9,4.8
238,ACCT-UB 1 004  (5145) - Prin of Financial Acctg  (Lecture),Jungbae Kim,65.4%,17,3.9,4.3,4.5,3.9,3.9,3.9,4.1
239,ACCT-UB 1 001  (3103) - Prin of Financial Acctg  (Lecture),"Yiwei Dou, Xiaojing Meng",34.4%,11,4.3,4.5,4.6,4.4,4.6,4.5,4.5
240,ACCT-UB 1 003  (3134) - Prin of Financial Acctg  (Lecture),Kevin Hsueh,52.2%,12,4.6,4.8,4.8,4.7,4.8,4.9,4.8
241,ACCT-UB 1 004  (5145) - Prin of Financial Acctg  (Lecture),Jungbae Kim,65.4%,17,3.9,4.3,4.5,3.9,3.9,3.9,4.1
242,ACCT-UB 1 001  (3103) - Prin of Financial Acctg  (Lecture),"Yiwei Dou, Xiaojing Meng",34.4%,11,4.3,4.5,4.6,4.4,4.6,4.5,4.5
243,ACCT-UB 1 002  (3104) - Prin of Financial Acctg  (Lecture),Xi Wu,47.6%,10,4.9,4.9,4.9,4.8,5.0,5.0,5.0
244,ACCT-UB 1 003  (3134) - Prin of Financial Acctg  (Lecture),Kevin Hsueh,52.2%,12,4.6,4.8,4.8,4.7,4.8,4.9,4.8
245,ACCT-UB 1 004  (5145) - Prin of Financial Acctg  (Lecture),Jungbae Kim,65.4%,17,3.9,4.3,4.5,3.9,3.9,3.9,4.1
246,INFO-UB 1 001  (3110) - Info Tech in Bus & Society  (Lecture),Sarah Lebovitz,39.3%,11,4.5,4.5,4.5,4.5,4.7,4.8,4.5
247,INFO-UB 1 002  (5139) - Info Tech in Bus & Society  (Lecture),Kevin Brabazon,41.7%,10,3.7,3.6,3.5,3.6,3.6,3.3,3.6
248,ECON-UB 11 001  (3128) - Economics of Global Business  (Lecture),Joseph Foudy,39.3%,11,4.4,4.5,4.4,4.5,4.5,4.4,3.9
249,FINC-UB 2 001  (3105) - Foundations of Finance  (Lecture),Hae Kang Lee,90.9%,10,4.7,4.9,4.3,4.6,4.6,4.7,4.7
250,FINC-UB 2 002  (3137) - Foundations of Finance  (Lecture),Jingyuan Mo,91.7%,11,4.9,4.9,4.9,5.0,4.8,4.7,4.8
251,FINC-UB 2 003  (3127) - Foundations of Finance  (Lecture),Germán Gutiérrez Gallardo,58.3%,7,4.3,4.4,4.1,4.6,4.3,4.4,4.3
252,FINC-UB 2 004  (7411) - Foundations of Finance  (Lecture),Hyeyoon Jung,70.0%,7,4.7,4.4,4.7,4.6,4.9,4.7,5.0
253,FINC-UB 2 005  (7412) - Foundations of Finance  (Lecture),Sung Lee,70.0%,7,4.3,4.6,4.4,4.0,4.3,4.3,4.6
254,FINC-UB 7 001  (3106) - Corporate Finance  (Lecture),Joseph Kalmenovitz,40.0%,6,4.8,4.8,4.7,5.0,4.7,4.7,4.5
255,MGMT-UB 1 001  (3116) - Management and Organizations  (Lecture),Madeline Kneeland,43.8%,14,4.5,4.8,4.9,4.4,4.7,4.7,4.6
256,MKTG-UB 1 001  (3111) - Intro to Marketing  (Lecture),Shirley Bluvstein,25.8%,8,4.1,4.1,4.4,3.9,4.1,4.1,3.5
257,MKTG-UB 1 003  (3139) - Intro to Marketing  (Lecture),Heeyoung Yoon,44.4%,12,4.5,4.6,4.6,4.3,4.6,4.6,4.3
258,MKTG-UB 40 001  (3115) - Entertainment & Media Industries  (Lecture),Sunder Narayanan,13.6%,3,4.7,4.7,5.0,4.3,4.7,5.0,4.0
259,MULT-UB 275 060  (3133) - Business and Investments  (Lecture),Dhananjay Gode,43.3%,13,4.4,4.3,4.2,4.7,4.5,4.7,4.5
260,MULT-UB 276 060  (3132) - Behavioral Economics & The Science of Decision Making  (Lecture),"Adam Alter, Tom Meyvis",46.7%,14,4.9,5.0,5.0,4.7,5.0,5.0,4.9
261,OPMG-UB 1 001  (3135) - Operations Management  (Lecture),Dmitry Mitrofanov,50.0%,6,4.3,4.8,4.7,4.5,4.3,4.5,4.5
262,STAT-UB 1 001  (3138) - Stats F/Business Control  (Lecture),Ningshan Zhang,56.3%,9,3.9,4.4,4.4,3.9,3.9,4.1,4.2
